, Gants  de  MMA  Venum  Impact  2.0 ,80, Ces  gants  en  cuir  Skintex  sont  ergonomiques    confortables  et  de  haute  qualité.  La  mousse  triple  densite  permet  de  garder  votre  main  à  l  abris  des  chocs.  Forme  incurvée  permettant  au  gant  de  parfaitement  épouser  la  forme  de  votre  main.  Le  système  de  fermeture  fournit  un  meilleur  serrage  et  la  possibilité  de  fermer  avec  une  seule  main. ,gantsMMA.webp,4,1,2,5,4
, Gants  de  boxe  Venum  Elite ,90, Gants  pour  Boxe  Anglaise    Kick  Boxing  et  Muay  Thai.  Doté  d  une  mousse  à  quadruple  densité    ces  gants  sont  designés  pour  absorber  au  mieux  les  impacts  lors  des  frappes.  Les  coutures  renforcées  et  les  panneaux  en  maille  combinés  à  leur  forme  ergonomique  vous  apporteront  un  ajustement  confortable  et  vous  aurez  l  impression  de  ne  faire  qu  un  avec  le  gant. ,gantsBoxe.webp,4,1,1,1,4
, Kimono  JJB  Venum  Elite  4.0 ,200, Ce  Kimono  est  fabriqué  en  coton  Pearl  Wave  450  g/m²  et  est  renforcé  sur  tous  les  points  de  tension  pour  une  plus  grande  durabilité.  Le  col  en  mousse  EVA  rigide  résistera  aux  prises  de  vos  adversaires  et  à  vos  ruptures  de  prise  les  plus  puissantes.  Confortable  et  robuste    il  est  conçu  pour  résister  à  l  usure  des  séances  d  entraînement  intenses.  Le  pantalon  est  fabriqué  en  tissu  Ripstop  285  g/m²  et  est  renforcé  aux  chevilles    aux  genoux  et  à  l  entrejambe.  Les  coutures  renforcées  aux  poignets  assurent  une  plus  grande  longévité. ,kimonoJJB.webp,3,1,3,2,1
,Nunchaku,40, Découvrez  l  élégance  et  la  puissance  du  Nunchaku    un  instrument  emblématique  dans  le  monde  des  arts  martiaux.  Notre  Nunchaku  est  fabriqué  avec  un  artisanat  exceptionnel    offrant  une  combinaison  parfaite  de  durabilité  et  de  performance.  Conçu  pour  les  pratiquants  de  tous  niveaux    cet  article  incarne  la  tradition  tout  en  intégrant  des  éléments  modernes  pour  une  expérience  optimale. ,nunchaku.jpg,4,19,4,5,4
, Kimono  de  Judo ,70, Explorez  l  excellence  du  judo  avec  notre  Kimono  de  haute  qualité.  Conçu  pour  répondre  aux  exigences  rigoureuses  des  pratiquants  de  judo    notre  Kimono  allie  confort    durabilité  et  performance  exceptionnelle.  Fabriqué  à  partir  de  matériaux  résistants    il  offre  une  coupe  précise  qui  permet  une  liberté  de  mouvement  maximale  tout  en  conservant  une  élégance  traditionnelle.  Que  vous  soyez  un  débutant  passionné  ou  un  judoka  expérimenté    notre  Kimono  est  un  choix  fiable  pour  vos  séances  d  entraînement  et  compétitions. ,kimonoJudo.jpg,3,19,5,6,1
, Jordan  Zion  3  Pink  Lotus  Enfants  GS ,110, Chaussure  de  basket  Jordan  rose  pour  enfant ,chaussureBasket1.webp,16,10,9,7,3
, Résine  Kempa  200ml  [Taille  200  ml] ,16, résine  en  pot  pour  plus  d  adhérence  en  match ,potResineHand1.jpg,27,11,7,2,1
, filet  de  volley  ball  d  entrainement ,45, filet  de  10*1m  sera  parfait  pour  vos  entrainement ,filetVolley1.jpg,30,12,8,6,1
, pince  nez  flottant  de  natation  bleu  cyan ,4, peur  de  perdre  votre  pince  nez      celui  ci  flotte   ,pinceNezNatation1.jpg,1,13,16,2,4
, Palmes  Cressi  Frog  Plus  Noir/silver ,65, Palmage  fluide  effort  réduit  peu  fatiguant ,palmPlongée1.jpg,1,14,17,5,4
, Soft  flask  250mL  -  28mm ,18, Gourde  accessible      facilement  transportable   ,gourdeCoursePied1.jpg,27,15,14,2,4
, flash  carbon ,76, léger  transportable  en  fibre  de  carbone ,batonTrail1.jpg,1,16,15,5,4
, Kettlebell  de  musculation  en  fonte  et  base  caoutchouc ,55, kettelbell  de  55kg  a  base  en  caoutchouc  pour  moins  de  dégat ,bouleMuscu.jpg,31,17,21,5,4
, Barre  Olympique  -  Entrainement  2.0  -  20kg ,207, barre  de  crossfit  de  20kg  avec  un  bon  grip ,barreCrossfit1.jpg,32,18,22,9,4
, GYM  BALL  RÉSISTANT  TAILLE  2  /  65  cm  -  BLEU ,20, gymball  avec  une  structure  résitante      peut  etre  utilisé  pour  toutes  exercices ,gymballPilat1.jpg,1,17,23,2,4
, Spectral  29  CF  8 ,4600, Du  rapide  et  fluide  au  rugueux  et  technique    le  Spectral  CF  8  est  prêt  à  affronter  tous  les  sentiers  que  vous  lui  indiquerez. ,veloEnduro1.webp,3,20,18,5,4
, Vélo  de  Route  BMC  Teammachine  SLR  Five  Shimano  105  Di2  12V  700  mm  Argent  Arctic  2023 ,3300, Vélo  de  course  parfait  pour  rouler  sur  route  et  la  vitesse ,veloCourse1.jpg,3,21,19,6,4
, Electra  Loft  7i  EQ  Step  Thru ,440, La  technologie  Flat  Foot  d  Electra  signifie  un  confort  et  un  contrôle  brevetés  sur  un  vélo  Electra. ,veloVille.jpg,3,22,20,10,4
, X  Crazyfast  Elite  LL  FG ,270, chaussure  de  foot  equipé  de  crampon  silouhette  aérodynamique ,chaussureFoot1.avif,26,2,6,8,4
, Protège-dents  Venum  Predator ,22, Ce  protège-dents    est  le  parfait  mix  en  confort    souplesse  et  absorption  des  chocs    afin  de  prévenir  et  réduire  les  besssures  au  niveau  de  vos  dents    lèvres  et  gencives.  Cadre  extérieur  en  caoutchouc  asborbant  les  chocs    et  intérieur  en  gel  thermo-formable  afin  de  mouler  parfaitement  votre  dentition  et  permettre  une  meilleure  respiration. ,protegeDents.webp,5,1,1,11,4
